feature,importance
flightType,0.3522007
time,0.340807
distance,0.1522424
to,0.07013985
from,0.063123815
speed_proxy,0.015400598
agency,0.0060856813
